Names,Price
"Win10.1 15.6"" FullHD Intel Core I7 6500U 8GB RAM +1TBROM 1920x1080 BT 4.0 Laptop",$278.50 to $999.99
4Gb 7 inch Mini computer Laptop PC Netbook Android 2.2 Latest Software Build,$90.96
NEW LISTINGNEW! LENOVO 15.6” Laptop Intel 2.40GHz 4GB 1TB DVD+RW WebCam HDMI USB Windows 10,$169.00
"Win10.1 15.6"" FullHD Intel Core I7 6500U 8GB RAM +1TBROM 1920x1080 BT 4.0 Laptop",$399.99 to $919.99
"NEW LISTING1! DELL 15.6"" TouchScreen Laptop AMD 2.80GHz 4GB 1TB DVD+RW WebCam HDMI Win10)8",$199.86
"NEW LISTINGTOSHIBA E45-B4100 INTEL i5 @ 2.20GHz 6GB 750GB 14"" WIN 10 HOME COMPUTER LAPTOP",$107.50
NEW LISTINGLenovo ThinkPad X1 Carbon i5-4300U 240GB SSD 8GB Win 8-10 Touchscreen Laptop8,$150.00
NEW LISTINGNEW ACER ASPIRE 5 A515-51-3509 15.6'' FHD LAPTOP i3-7100U 8GB 1TB WIN 10,$237.59
HP PROBOOK 6550b LAPTOP WINDOWS 10 WIN DVD+RW INTEL i7 2.4GHz 8GB 250GB HDMI PC,$199.00
NEW LISTINGNew Acer Nitro 5 AN515-53-52FA 15.6'' FHD Laptop Intel i5-8300H 8GB 1TB GTX 1050,$649.49
"New HP Touchscreen 15.6"" HD Laptop AMD A9 8GB 2TB DVD WiFi BT Win 10 Smoke Gray",$458.99
Custom Build your Panasonic Toughbook CF-30 Rugged Laptop Military Non-Touch,$263.00 to $575.00
NEW ACER ASPIRE 5 A515-51-3509 15.6'' FHD LAPTOP i3-7100U 8GB 1TB WIN 10,$374.49
MICROSOFT SURFACE LAPTOP I5 / 8GB / 128GB SSD/ CLAVIER FRANCAIS / WINDOWS 10S,$689.44
"15.6"" FullHD Gaming Laptop Core I7 6500U 8GB RAM +1TBROM 1920x1080 BT4.0 Win10.1",$13.32 to $665.25
"NEW LISTINGNEW HP ENVY X360 2-IN-1 M6-AQ103DX 15.6"" FHD TOUCH LAPTOP INTEL i5 12GB 1TB",$569.99
New Lenovo Yoga 730 81CU000BUS 2-in-1 15.6'' Touch Laptop i5-8250U 8GB 256GB SSD,$724.49
New Dell Inspiron 15 5000 5566 15.6-inch Laptop i5 8Gb 1Tb Win10 Pro,$519.00
"Xiaomi Notebook Air 13 Win10 13.3"" Intel Core i5-7200U Dual Core 8gG+256G Laptop","$1,052.99"
"Win10.1 15.6"" FullHD Intel Core I7 6500U 8GB RAM +1TBROM 1920x1080 BT 4.0 Laptop",$274.99 to $909.99
13.3 inch laptops Intel Cherry Trail Quad Core a laptop 4GB RAM 128GB eMMC FHD,$361.04
"Dell Precision 15.6"" FHD Intel i7 Quad-Core 2.80GHz Nvidia 16GB 500GB HDD Laptop",$509.88
"LENOVO TOUCH Tablet Laptop- 1TB SSD Hybrid, 16GB ram, Rotating Screen, Warranty",$366.30
Xiaomi Mi Notebook Pro 15.6″ Laptop Win 10 Intel i7 Dual WiFi 8000mAh 16G+256GB,"$729.99 to $1,699.99"
DELL LATITUDE LAPTOP WINDOWS 10 PRO DVD+RW INTEL i5 2.5GHz 4GB 250GB HDMI WIFI,$171.00 to $203.00
"NEW LISTINGASUS ROG Strix GL503GE-ES52 15.6” Gaming Laptop - Core i5-8300, GTX 1050Ti, 8GB",$560.00
ONE-NETBOOK 7inch Bluetoooth Quad Core Mini Intel Laptop Metal Computer 8G +128G,$1.59 to $531.59
"Lenovo IdeaPad Flex 5-1570 Touchscreen 8GB RAM 1TB HDD15.6"" Convertible Laptop",$499.99
"VIZIO ULTRABOOK SILVER LAPTOP 15.6"" 1.9GHZ 4GB 256GB WIN 8 CT15-A5",$449.99
"NEW LISTINGNew Lenovo laptop IdeaPad 320 15.6"" Intel Quad Core i5-8520U 8GB DDR4 1TB HDD",$549.00
Ultra-thin Quad-Core Laptop 13.3'' Screen 1920*1080 Display 6G+64G Windows10,$369.99
"HP Pavilion 15.6"" TouchScreen Laptop, Windows 10, Intel Core i7-7500U Processor,",$597.00
Dell Inspiron 15 (5559) 5000 Laptop Notebook Intel i7-6500U 8GB 1TB Windows 10,$498.28
Dell Precision m3800 Laptop i7-4712HQ 500GB 8GB TOUCH FHD CMRA K1100M BKLT W10P,$779.99
DELL Alienware M14X P39G Laptop,$594.35
Lenovo ThinkPad W520 Laptop i7 Quad-Core 8GB 500GB Win 10 Pro 1 Yr Wty B v.WCB,$396.99
"ASUS Zenbook UX305UA 13.3"" Laptop Intel Core i5 2.3GHz 8GB 256GB SSDW10",$520.00
NEW LISTINGDell Inspiron i5379-7909GRY-PUS 13.3'' FHD 2-in-1 Touch Laptop i7-8550U 8GB 1TB,$697.49
NEW DELL XPS9360-5797SLV-PUS 13.3'' FHD TOUCH LAPTOP i5-7200U 8GB 128GB SSD,$799.49
"Lenovo IdeaPad Flex 5-1570 Touchscreen Core i5-7200U 2.5GHz 8GB 1TB 15.6"" Laptop",$498.00
7 inch EU Plug Mini Tablet PC X5 Quad Core 8GB RAM 128GB Laptop Bluetooth Laptop,$582.84
New Dell Inspiron 15 2-in-1 15.6'' FHD IPS Touchscreen Laptop i5-8250U 8GB 1TB,$569.49
"NEW LISTINGDell XPS 13 9360 Intel Core i5-8250U 8GB 256GB 13.3"" Laptop FHD Win10 Warranty","$1,099.00"
Brand New HP Stream 14 Laptop Windows 10 with 1-year Office 365 Fast Shipping,$199.99
"Win10.1 15.6"" FullHD Intel Core I7 6500U 8GB RAM +1TBROM 1920x1080 BT 4.0 Laptop",$0.01
"New Lenovo 17.3"" laptop i5-8250u 8GB RAM 256GB SSD HDMI DVD Bluetooth Win10",$599.99
Jumper EZbook 3Pro 13.3'' Ultrabook Notebook Dual WiFi Quad Core 6GB+64GB Laptop,$399.99
"Dell Inspiron 13 5368 13.3"" FHD Touch i7-6500U 8GB 256GB W10H 2in1 Laptop U",$479.99
Dell Precision M7710 Laptop i7-6820HQ 500GB 8GB FHD BT CMRA W5170 6 cell WTY,"$1,179.99"
"13.3"" Teclast F6 Pro Laptop Notebook Win10 Dual Core 8+128GB 5000mAh BT4.2 WiFi",$559.83
"Dell Inspiron 13 5368 13.3"" FHD Touch i7-6500U 8GB 256GB W10H 2in1 Laptop U",$479.99
Xiaomi laptop Air 12.5'',$699.00
"Acer Spin 3 15.6"" FHD Touch i7-6500U 12GB 1TB W10H HDD 2in1 Laptop SP315-51-79NT",$449.99
"15.6"" Laptop Ultrabook Win 10 FHD IPS Intel Quad Core CPU 4GB DDR3 64GB eMMC",$358.80
Custom Build Dell Precision M6700 Laptop i7 Quad-Core Min 2.70GHz B v.CB,$392.99 to $414.99
"Dell Inspiron 15 Touch Laptop Core i7-7500 2.70GHz 8GB 1TB 15.6"" FHD Convertible",$579.00
Dell Latitude 5280 Laptop i7-7600U 256GB SSD 8GB CMRA 4 cel W10 BT WIFI,$669.99
"NEW LISTINGNew Dell Inspiron 15 15.6"" Intel Core i5-8250U 8GB DDR4 256GB SSD Laptop",$698.00
"NEW LISTINGNew HP 15-da0031nr 15.6"" Laptop Intel Core i5-8250U 1.6GHz Win10 8GB RAM 1TB HDD",$549.00
Sale T-Bao Tbook R8 Laptop 15.6“ Win10 Intel Trail X5 Quad Core 4GB 64GB,$218.56
Dell Precision M7710 Laptop i7-6820HQ 500GB 8GB FHD BT CMRA W5170 6 cell WTY,"$1,179.99"
Black Panasonic Toughbook CF-31 i5 Military Fully Rugged SSD Touch Windows 10,"$557.00 to $1,499.00"
"NEW LISTINGAcer Aspire 3 A315 Intel Core i5-8250U 4GB DDR4 Ram 1TB Hard Disk 15.6"" Laptop",$479.00
"NEW LISTINGDell Inspiron 15 3000 3565 15.6"" HD WLED Laptop Computer, AMD A6-9200 up...",$3.25
"VOYO VBOOK A1 11.6"" Notebook Tablet Laptop PC Windows 10 Quad Core 4GB+128GB",$489.99
XGODY 14.1'' Windows 10 Notebook Intel 4Core Z8350 32GB eMMc HDMI WiFi HD Laptop,$189.99
New Dell Inspiron 17 7773 17.3-inch Touch 512Gb SSD 2-in-1 Quad i7 1080p Win10,"$1,049.00"
NEW LISTINGBrand New Microsoft Surface Laptop Bundle I7 / 8GB / 256GB with Arc Touch Mouse,"$1,599.99"
"Dell Inspiron 15 Core i5-7200U 2.5GHz 8GB 1TB 15.6"" Laptop HDMI DVDRW 5567 5000",$449.00
"13.3"" Teclast F6 Pro Laptop Notebook Win10 Dual Core 8+128GB 1920x1080 BT4.2 2MP",$559.83
"HP Stream 13-c100TU Season2 Fanless Silent Laptop PC Win 10 Dual Core 13.3"" Thin",$379.99
"Dell Latitude E6430 14"" LED Laptop i5 2.6GHz 16GB 1TB HD DVDRW WiFi HDMI W10P",$364.99
Dell Inspiron 15 5570 FHD 1920x1080 i7-8550U 12GB 1TB HDD Laptop,$598.99
"Asus Laptop F555UJ-XO051T Intel Core i7-6500U 15.6"" 8GB Ram 1TB HDD 920M 2GB",$541.68
"NEW LISTINGAcer Aspire 5 A515-51-513F Intel i5-8250U Win10 8GB DDR4 256GB SSD 15.6"" Laptop",$629.00
"VOYO VBOOK V3 Pro 13.3"" IPS Screen Tablet Laptop PC Windows 10 Quad Core 8G+128G",$498.99
Dell Latitude 14 5414 ATG i7-6600U 512GB SSD 16GB FHD FP BKLT W10P GPS SC WTY,"$1,499.99"
"NEW LISTINGHP Pavilion 15-cu0058nr 15.6"" Laptop Intel i5-8250U 1.6GHz Win10 8GB 256GB SSD",$699.00
13.3'' Xiaomi Mi Notebook Air Intel Core i7-7500U 8G RAM 256G SSD NVIDIA Laptop,"$789.99 to $1,189.99"
"NEW LISTINGHP 15-da0032nr Intel i7-8550U 8GB DDR4 1TB HDD 15.6"" Windows 10 Silver Laptop",$689.00
Customized Panasonic Toughbook CF-31 MK4 2.7GHz Touchscreen Fully Rugged,"$685.00 to $1,570.00"
"AORUS X7W V4 G-sync Laptop 17.3""16GB Dual-Graphic Ultra-Slim i7-5850HQ Processor","$3,599.99"
2.7GHz 16+512GB Windows 10 12.6Inch 2880 x 1920 Resolution Tablet Laptop,$715.43 to $879.82
"Teclast F6 Pro Notebook 13.3"" WIFI Windows 10 Dual Core 8GB RAM 128GB SSD Laptop",$699.99
LENOVO V310-14ISK 80SX002KUS INTEL 2.3GHZ RAM 6GB 1TB HDD WIN 10 PRO LAPTOP,$404.99
Custom Build Dell Precision M6600 Laptop i7 Quad-Core Min 2.40GHz B v.WBA,$384.99 to $406.99
"Ultra-thin Laptop PC 14.1"" Netbook 1920*1080 Display pixel 4GB+64GB Windows10",$253.38
Asus VivoBook Flip 14 Thin and Light 2-in-1 HD Touchscreen Laptop,$422.85
EU Plug Mini ablet PC X5 Quad Core 8GB RAM 128GB Laptop 7 inch Bluetooth Laptop,$592.36
"Dell Latitude XT2 XFR 12.1"" Core 2 Duo u9600 1.60GHz 3GB 128GB SSD Laptop Win 7",$199.97
"*Dell Precision M4500 15.6"" Laptop |1.73GHz Quad Core i7 740QM |4gb DDR3 | DVDRW",$116.99
"Lenovo Flex 4 1470 14"" FHD Touch i5-6200U 8GB 256GB R5 M430 2GB W10H 2in1 Laptop",$449.99
6GB+64GB 13.3” Laptop PC Pro 1920*1080 Windows10 BT HD Notebook Intel N3350,$276.59
"DELL LATITUDE 15 3580 XN8KF CPU 2.3GHZ RAM 4GB HDD 500GB LAPTOP 15.6""",$449.99
"VOYO Win10.1 15.6"" Intel Core I7 6500U 8GB RAM +1TBROM 1920x1080 BT 4.0 Laptop",$679.62
"Dell Latitude E6520 15.6"" LED Laptop 2nd Gen i5 2.6GHz 8GB 512GB SSD DVDRW W10P",$399.99
"New Hansung EH57 BOSSMONSTER Dual-Core 8GB FHD 15.6"" Battleground Gaming Laptop","$1,019.90"
"NEW LISTING1! DELL 15.6"" TouchScreen Laptop AMD 2.80GHz 4GB 1TB DVD+RW WebCam HDMI Win10)3",$199.86
ONE NETBOOK One Mix Pocket Laptop 7inch Intel Quad Core Windows 10.1 8GB+ 12GB,$512.90
"Dell Insprion 15"" FHD 1080P Touch Convertible Laptop Dual-Core i7 2.7GHz 8GB 1TB",$569.00
